brand,model
HONDA,VEZEL
HONDA,CIVIC
HONDA,CROSSROAD
HONDA,FIT
HONDA,CRV
HONDA,N-WGN
HONDA,ACCORD
HONDA,FIT ARIA
HONDA,INSIGHT
HONDA,FIT SHUTTLE
HONDA,GRACE
HONDA,N-BOX
HONDA,FREED
HONDA,CRZ
HONDA,CITY
HONDA,S660
HONDA,OTHER MODEL
HONDA,FIT SHE'S
MICRO,VOLEEX
MICRO,PANDA
MICRO,EMGRAND
MICRO,BAIC
MICRO,PANDA CROSS
MICRO,TIVOLI
MICRO,REXTON
MICRO,OTHER MODEL
MICRO,KORONDO
MICRO,KYRON
MICRO,MX 7
MICRO,TREND
MICRO,GEELY
MICRO,GLORY
MITSUBISHI,ECLIPSE CROSS
MITSUBISHI,EK WAGON
MITSUBISHI,OUTLANDER
MITSUBISHI,MONTERO
MITSUBISHI,ASX
MITSUBISHI,XPANDER
MITSUBISHI,MIRAGE
MITSUBISHI,LANCER
MITSUBISHI,ATTRAGE
MITSUBISHI,DELICA
MITSUBISHI,EK SPACE
MITSUBISHI,PAJERO
MITSUBISHI,TOWNY
MITSUBISHI,L200
MITSUBISHI,CHARIOT
MITSUBISHI,LIBERO
MITSUBISHI,GALANT
MITSUBISHI,4DR
MITSUBISHI,STRADA
NISSAN,JUKE
NISSAN,BLUEBIRD
NISSAN,PULSAR
NISSAN,OTHER MODEL
NISSAN,X-TRAIL
NISSAN,MARCH
NISSAN,QASHQAI
NISSAN,SUNNY
NISSAN,DAYZ
NISSAN,WINGROAD
NISSAN,SYLPHY
NISSAN,NAVARA
NISSAN,TIIDA
NISSAN,TEANA
NISSAN,CEFIRO
NISSAN,PRIMERA
NISSAN,AD WAGON
NISSAN,FAIRLADY Z
NISSAN,DOUBLE CAB
NISSAN,PATROL
NISSAN,AVENTURA
NISSAN,LEAF
NISSAN,PRESEA
NISSAN,DUTSUN
SUZUKI,SWIFT
SUZUKI,WAGON R STINGRAY
SUZUKI,WAGON R FX
SUZUKI,A-STAR
SUZUKI,CULTUS
SUZUKI,IGNIS
SUZUKI,ALTO
SUZUKI,WAGON R
SUZUKI,SX4
SUZUKI,BALENO
SUZUKI,S-CROSS
SUZUKI,CELERIO
SUZUKI,OTHER MODEL
SUZUKI,GRAND VITARA
SUZUKI,WAGON R FZ
SUZUKI,XBEE
SUZUKI,SPACIA
SUZUKI,HUSTLER
SUZUKI,VITARA
SUZUKI,JIMNY
SUZUKI,ZEN
SUZUKI,MARUTI
SUZUKI,ESTILO
SUZUKI,ERTIGA
SUZUKI,LIANA
TOYOTA,PASSO
TOYOTA,AXIO
TOYOTA,VIOS
TOYOTA,ALLION
TOYOTA,FJ CRUISER
TOYOTA,AQUA
TOYOTA,LAND CRUISER PRADO
TOYOTA,COROLLA
TOYOTA,PREMIO
TOYOTA,RUSH
TOYOTA,VITZ
TOYOTA,CHR
TOYOTA,YARIS
TOYOTA,ROOMY
TOYOTA,PRIUS
TOYOTA,HARRIER
TOYOTA,VEROSSA
TOYOTA,AVANZA
TOYOTA,IST
TOYOTA,CARINA
TOYOTA,SOLUNA
TOYOTA,LAND CRUISER SAHARA
TOYOTA,CAMRY
TOYOTA,WIGO
TOYOTA,TANK
TOYOTA,RAV4
TOYOTA,BELTA
TOYOTA,AURIS
TOYOTA,VOXY
TOYOTA,CORONA
TOYOTA,RAIZE
TOYOTA,OTHER MODEL
TOYOTA,WISH
TOYOTA,VANGUARD
TOYOTA,CROWN
TOYOTA,DUET
TOYOTA,TERCEL
TOYOTA,PIXIS
TOYOTA,ALPHARD
TOYOTA,CYNOS
TOYOTA,VELLFIRE
TOYOTA,STARLET
TOYOTA,PLATZ
TOYOTA,SPRINTER
TOYOTA,CAMI
TOYOTA,HILUX
TOYOTA,CALDINA
TOYOTA,FORTUNER
TOYOTA,SIENTA
TOYOTA,SAI
TOYOTA,CORSA
TOYOTA,AVENSIS
TOYOTA,MARK
TOYOTA,GT86
